{"cameraMode":{"drawMode":0,"name":"Shaded","section":"Shading Mode"},"sceneLighting":true,"audioPlay":false,"sceneViewState":{"showFog":false,"showMaterialUpdate":false,"showSkybox":true,"showFlares":false,"showImageEffects":true,"showParticleSystems":true},"in2DMode":false,"pivot":{"x":9.661619186401368,"y":0.544536828994751,"z":15.27513313293457},"rotation":{"x":-0.08918046206235886,"y":0.6246221661567688,"z":0.07222095131874085,"w":0.7725356221199036},"size":463.61761474609377,"orthographic":false}