{"cameraMode":{"drawMode":0,"name":"Shaded","section":"Shading Mode"},"sceneLighting":true,"audioPlay":false,"sceneViewState":{"showFog":false,"showMaterialUpdate":false,"showSkybox":true,"showFlares":false,"showImageEffects":true,"showParticleSystems":true},"in2DMode":false,"pivot":{"x":-0.5462159514427185,"y":2.935786008834839,"z":-8.514366149902344},"rotation":{"x":-0.4943913519382477,"y":-0.03993336111307144,"z":0.0229293555021286,"w":-0.8681150078773499},"size":42.80434036254883,"orthographic":false}