{"cameraMode":{"drawMode":0,"name":"Shaded","section":"Shading Mode"},"sceneLighting":false,"audioPlay":false,"sceneViewState":{"showFog":false,"showMaterialUpdate":false,"showSkybox":false,"showFlares":false,"showImageEffects":false,"showParticleSystems":true},"in2DMode":false,"pivot":{"x":0.23030498623847962,"y":0.9390634894371033,"z":0.036505818367004397},"rotation":{"x":-0.2971832752227783,"y":-0.20639796555042268,"z":0.0659644827246666,"w":-0.9299594163894653},"size":5.914408206939697,"orthographic":false}