{"cameraMode":{"drawMode":0,"name":"Shaded","section":"Shading Mode"},"sceneLighting":false,"audioPlay":false,"sceneViewState":{"showFog":false,"showMaterialUpdate":false,"showSkybox":false,"showFlares":false,"showImageEffects":false,"showParticleSystems":true},"in2DMode":false,"pivot":{"x":0.7289999723434448,"y":0.22600001096725465,"z":-1.0180000066757203},"rotation":{"x":-0.0565190352499485,"y":-0.9205148816108704,"z":0.14506083726882935,"w":-0.35850054025650027},"size":2.2376210689544679,"orthographic":false}