{"cameraMode":{"drawMode":0,"name":"Shaded","section":"Shading Mode"},"sceneLighting":true,"audioPlay":false,"sceneViewState":{"showFog":false,"showMaterialUpdate":false,"showSkybox":true,"showFlares":false,"showImageEffects":true,"showParticleSystems":true},"in2DMode":false,"pivot":{"x":3.580591917037964,"y":4.062213897705078,"z":-3.072028636932373},"rotation":{"x":-0.3884792923927307,"y":-0.278537392616272,"z":0.12461100518703461,"w":-0.8695626258850098},"size":33.357887268066409,"orthographic":false}