{"cameraMode":{"drawMode":0,"name":"Shaded","section":"Shading Mode"},"sceneLighting":true,"audioPlay":false,"sceneViewState":{"showFog":false,"showMaterialUpdate":false,"showSkybox":true,"showFlares":false,"showImageEffects":true,"showParticleSystems":true},"in2DMode":false,"pivot":{"x":5.511410713195801,"y":-2.272655725479126,"z":-1.679734230041504},"rotation":{"x":-0.4841557741165161,"y":0.2539862394332886,"z":-0.14914508163928986,"w":-0.8240147829055786},"size":37.0783805847168,"orthographic":false}