{"cameraMode":{"drawMode":0,"name":"Shaded","section":"Shading Mode"},"sceneLighting":true,"audioPlay":false,"sceneViewState":{"showFog":false,"showMaterialUpdate":false,"showSkybox":false,"showFlares":false,"showImageEffects":false,"showParticleSystems":true},"in2DMode":false,"pivot":{"x":254.38783264160157,"y":0.9528907537460327,"z":128.92808532714845},"rotation":{"x":0.3421206772327423,"y":0.3909994661808014,"z":-0.15935282409191132,"w":0.8394519686698914},"size":2.1539456844329836,"orthographic":false}