{"cameraMode":{"drawMode":0,"name":"Shaded","section":"Shading Mode"},"sceneLighting":true,"audioPlay":false,"sceneViewState":{"showFog":false,"showMaterialUpdate":false,"showSkybox":false,"showFlares":false,"showImageEffects":false,"showParticleSystems":true},"in2DMode":false,"pivot":{"x":-128.39547729492188,"y":-147.6497802734375,"z":-86.18651580810547},"rotation":{"x":0.1704251766204834,"y":-0.8248524069786072,"z":0.3292745053768158,"w":0.4269261062145233},"size":238.47152709960938,"orthographic":false}