{"cameraMode":{"drawMode":0,"name":"Shaded","section":"Shading Mode"},"sceneLighting":true,"audioPlay":false,"sceneViewState":{"showFog":false,"showMaterialUpdate":false,"showSkybox":true,"showFlares":false,"showImageEffects":true,"showParticleSystems":true},"in2DMode":false,"pivot":{"x":18.7846622467041,"y":0.460028737783432,"z":-32.706626892089847},"rotation":{"x":-0.08714069426059723,"y":0.07483378052711487,"z":-0.006600984372198582,"w":-0.9934048056602478},"size":7.922402858734131,"orthographic":false}