{"cameraMode":{"drawMode":0,"name":"Shaded","section":"Shading Mode"},"sceneLighting":true,"audioPlay":false,"sceneViewState":{"showFog":false,"showMaterialUpdate":false,"showSkybox":true,"showFlares":false,"showImageEffects":true,"showParticleSystems":true},"in2DMode":false,"pivot":{"x":17.693172454833986,"y":0.28822803497314455,"z":-7.066523551940918},"rotation":{"x":0.008704659529030323,"y":0.9176993370056152,"z":0.020206540822982789,"w":-0.39683085680007937},"size":2.125844955444336,"orthographic":false}