{"cameraMode":{"drawMode":0,"name":"Shaded","section":"Shading Mode"},"sceneLighting":true,"audioPlay":false,"sceneViewState":{"showFog":false,"showMaterialUpdate":false,"showSkybox":true,"showFlares":false,"showImageEffects":true,"showParticleSystems":true},"in2DMode":false,"pivot":{"x":-11.600000381469727,"y":0.6542343497276306,"z":-12.942689895629883},"rotation":{"x":-0.4841557741165161,"y":0.2539862394332886,"z":-0.14914508163928986,"w":-0.8240147829055786},"size":5.162655353546143,"orthographic":false}