{"cameraMode":{"drawMode":0,"name":"Shaded","section":"Shading Mode"},"sceneLighting":true,"audioPlay":false,"sceneViewState":{"showFog":false,"showMaterialUpdate":false,"showSkybox":true,"showFlares":false,"showImageEffects":true,"showParticleSystems":true},"in2DMode":false,"pivot":{"x":-2.8571577072143556,"y":1.7327402830123902,"z":1.3154246807098389},"rotation":{"x":-0.4841557741165161,"y":0.2539862394332886,"z":-0.14914508163928986,"w":-0.8240147829055786},"size":1101.94384765625,"orthographic":false}