{"cameraMode":{"drawMode":0,"name":"Shaded","section":"Shading Mode"},"sceneLighting":true,"audioPlay":false,"sceneViewState":{"showFog":false,"showMaterialUpdate":false,"showSkybox":true,"showFlares":false,"showImageEffects":true,"showParticleSystems":true},"in2DMode":false,"pivot":{"x":2.6757845878601076,"y":-35.278167724609378,"z":13.924391746520996},"rotation":{"x":-0.5334703922271729,"y":-0.11544503271579743,"z":0.07396669685840607,"w":-0.834715723991394},"size":79.10877990722656,"orthographic":false}