{"cameraMode":{"drawMode":0,"name":"Shaded","section":"Shading Mode"},"sceneLighting":true,"audioPlay":false,"sceneViewState":{"showFog":false,"showMaterialUpdate":false,"showSkybox":true,"showFlares":false,"showImageEffects":true,"showParticleSystems":true},"in2DMode":false,"pivot":{"x":3.6213977336883547,"y":7.695682525634766,"z":2.3559422492980959},"rotation":{"x":-0.35207125544548037,"y":0.6377843022346497,"z":-0.4075695276260376,"w":-0.5507488250732422},"size":36.05877685546875,"orthographic":false}