{"cameraMode":{"drawMode":0,"name":"Shaded","section":"Shading Mode"},"sceneLighting":true,"audioPlay":false,"sceneViewState":{"showFog":false,"showMaterialUpdate":false,"showSkybox":true,"showFlares":false,"showImageEffects":true,"showParticleSystems":true},"in2DMode":false,"pivot":{"x":4.0715765953063969,"y":2.6334776878356935,"z":-6.0579705238342289},"rotation":{"x":-0.4058714807033539,"y":-0.15731246769428254,"z":0.07125575095415116,"w":-0.8975539207458496},"size":12.307647705078125,"orthographic":false}