{"cameraMode":{"drawMode":0,"name":"Shaded","section":"Shading Mode"},"sceneLighting":true,"audioPlay":false,"sceneViewState":{"showFog":false,"showMaterialUpdate":false,"showSkybox":true,"showFlares":false,"showImageEffects":true,"showParticleSystems":true},"in2DMode":false,"pivot":{"x":-5.044439315795898,"y":-2.130645751953125,"z":5.454500198364258},"rotation":{"x":-0.07565119117498398,"y":0.7872450351715088,"z":-0.6040794253349304,"w":-0.09865319728851319},"size":27.791540145874025,"orthographic":false}