{"cameraMode":{"drawMode":0,"name":"Shaded","section":"Shading Mode"},"sceneLighting":false,"audioPlay":false,"sceneViewState":{"showFog":false,"showMaterialUpdate":false,"showSkybox":false,"showFlares":false,"showImageEffects":false,"showParticleSystems":true},"in2DMode":false,"pivot":{"x":0.26919835805892947,"y":0.8085636496543884,"z":0.10458022356033325},"rotation":{"x":-0.16949066519737245,"y":-0.82256680727005,"z":0.3155534863471985,"w":-0.44180116057395937},"size":7.4147844314575199,"orthographic":false}