{"cameraMode":{"drawMode":0,"name":"Shaded","section":"Shading Mode"},"sceneLighting":false,"audioPlay":false,"sceneViewState":{"showFog":false,"showMaterialUpdate":false,"showSkybox":false,"showFlares":false,"showImageEffects":false,"showParticleSystems":true},"in2DMode":false,"pivot":{"x":0.25304174423217776,"y":0.4042748510837555,"z":0.04979753494262695},"rotation":{"x":-0.16949066519737245,"y":-0.82256680727005,"z":0.3155534863471985,"w":-0.44180116057395937},"size":7.340957164764404,"orthographic":false}