{"cameraMode":{"drawMode":0,"name":"Shaded","section":"Shading Mode"},"sceneLighting":true,"audioPlay":false,"sceneViewState":{"showFog":false,"showMaterialUpdate":false,"showSkybox":true,"showFlares":false,"showImageEffects":true,"showParticleSystems":true},"in2DMode":false,"pivot":{"x":14.739999771118164,"y":0.3629622459411621,"z":-16.243919372558595},"rotation":{"x":-0.03142138943076134,"y":-0.9309738278388977,"z":0.08282995969057083,"w":-0.35440903902053835},"size":4.7031097412109379,"orthographic":false}